domain;domain_ascore;backlinks_num;first_seen
phantomarcades.com;8;146;1788419659
inspectthishomeinspections.com;2;95;1786594205
takes.sbs;2;8;1759877967
takes.homes;2;6;1760368471
theboardsprofessor.com;2;6;1784238155
knows.sbs;2;5;1759680838
wants.cfd;3;5;1762861274
seodomains.website;3;4;1768317858
allwebsitesdirectory.com;2;3;1775627957
bestwebstats.com;2;3;1775035775
domain.com.lc;2;3;1768687201
domainanalysis.org;2;3;1772236765
domainsc.com;2;3;1774344899
egyptiandirectory.com;2;3;1769371686
getwebsiteworth.com;3;3;1767732380
globalecommerce.org;3;3;1765583289
indians.cc;3;3;1768790434
linksnatcher.com;2;3;1768550387
seol.store;2;3;1760040606
wallpapers.pro;2;3;1770574379
2x9.co;2;2;1765168940
alljobs.info;2;2;1768769147
analyticshaven.top;6;2;1778963733
anchorurl.cloud;6;2;1766807114
atomizelink.icu;5;2;1784803809
backlinkrise.pro;2;2;1758876961
blinks.monster;2;2;1769886608
blinks.sbs;4;2;1759340888
bloomberry.com;31;2;1771922752
booksreadr.org;4;2;1773397149
buzzshrink.website;6;2;1768334162
cmocheatsheets.com;2;2;1787727612
corrector.in;2;2;1771005195
domainwork.space;2;2;1770920760
homefinance.co.in;2;2;1770585267
indexaward.com;2;2;1775685141
knows.monster;4;2;1766206335
musweb.org;2;2;1771196626
pagesearch.net;2;2;1768871150
pudhe.com;2;2;1772927132
queries.co.in;2;2;1770697504
read.org.in;2;2;1773383617
shortenurls.eu;14;2;1782168027
sortinsinc.com;2;2;1776390503
topleveldomains.space;2;2;1770947620
tunca.org;2;2;1769594868
way2check.cv;3;2;1768873771
websiterace.com;2;2;1767345376
wonvision.com;2;2;1771778358
ycm.info;2;2;1768245262
1000.co.in;2;1;1782466690
1stcallglasscare.com;3;1;1768538596
adcreativevideo.com;2;1;1788241670
all-aged-domains.com;5;1;1773060116
aloysionunes.com;5;1;1789047171
archive-hu.com;4;1;1789183458
australianwebdirectory.shop;3;1;1771037813
backlinkhouse.com;2;1;1782926832
backlinkon.com;2;1;1784178899
backlinks-checker.com;5;1;1783396593
backlinksbank.com;3;1;1784327430
backlinkshouse.com;2;1;1783989737
backlinksplace.site;0;1;1784434166
backlinkstree.com;2;1;1783824218
best-seo-domains.com;5;1;1789101736
bestirishcasinoonline.online;2;1;1789190963
bestnz-poker-casinoslot.com;2;1;1787808030
betulcrime.com;4;1;1788252432
betwinnermirror.com;2;1;1787529949
blogerreviewers.com;2;1;1789139483
blogsphere.top;6;1;1774729696
businessvocal.com;2;1;1759480811
bye.fyi;24;1;1785573281
byteshort.xyz;6;1;1787104773
canadapsilocybin.com;2;1;1789351968
casinooftheking.com;2;1;1787978604
cheapsmmprovider.info;2;1;1775985589
cheapsmmprovider.online;2;1;1783743104
cindylaup.com;4;1;1789210522
clifflisting.com;2;1;1787480037
coruzants.com;2;1;1789044402
creativeposts.top;6;1;1782874927
cvillico.com;2;1;1789012705
directorylinkservice.com;3;1;1772188653
domains.com.bz;4;1;1783661363
domraider.br.com;0;1;1788932940
domraider.eu.com;0;1;1786636434
domraider.gb.net;0;1;1786558515
domraider.it.com;0;1;1787214809
domraider.uk.net;0;1;1789377752
domraider.us.com;0;1;1789286587
drjack.world;6;1;1781065955
dupurgeniefr.com;2;1;1788195825
fashionclothingnews.com;2;1;1789108025
fastlifesite.com;2;1;1788511083
findinfo.in;2;1;1781839881
gamerkun.com;2;1;1780873976
getonline.co.in;2;1;1782750530
ggmap.co.com;2;1;1787737375
ggmap.us.com;2;1;1787687990
gladeflowers.com;2;1;1787992256
hebagh.cv;2;1;1779524929
homesforsaleoldgreenwichct.com;3;1;1789311146
hotonlinegaming.com;3;1;1788020952
irongrove.com;2;1;1786061312
jobs.now;20;1;1785928861
jobsapp.info;6;1;1769519928
juaralaundry.com;5;1;1788823915
lawyerinjeddah.com;2;1;1788312953
libyanatravel.com;2;1;1788039883
linksnatcher.art;2;1;1779415918
lydiaroyrealestate.com;2;1;1788039002
m98ufa.com;5;1;1787897607
marinasone.com;2;1;1788968250
masihnyata.com;2;1;1789023316
mediaboooster.com;5;1;1788421252
metamagic.top;14;1;1780116234
missburrg.com;2;1;1787993642
mp3fresh.net;2;1;1785566106
mylisthero.com;2;1;1787865895
mymarketpost.com;2;1;1788222781
newsblogsports.site;2;1;1776820267
nivira.shop;2;1;1787822189
onlineshoppingidea.com;2;1;1788102612
optimizeflow.top;6;1;1784946336
phanerosart.com;2;1;1788952802
plrdownloadshub.com;2;1;1789253215
plumeriamarketing.com;2;1;1787919788
prashikshan.in;2;1;1779902613
preparation.co.in;2;1;1773712893
primenewsartical.com;2;1;1789133989
procycling.org;2;1;1773785004
royaldb.us.com;2;1;1787904488
sahammurah.com;2;1;1788399227
salesforce.com;84;1;1770335031
sergechel.info;11;1;1770152487
smartstimer.com;3;1;1787822361
southfwb.com;12;1;1788283308
taxies.biz;2;1;1775837610
thecloudherald.com;2;1;1768399197
thedocmag.com;2;1;1789022472
theface.in;2;1;1774742351
themumbai.in;2;1;1782401834
thirty.co.in;2;1;1782190455
top5casino.online;2;1;1789397018
tyres.pro;2;1;1773867991
uaewebdirectory.info;0;1;1770490099
ufabettererm4.com;2;1;1787877914
way2check.art;2;1;1773739524
websitescrawl.art;2;1;1774779503
websitesea.com;2;1;1767420512
webworthchecker.cv;2;1;1774111168
wecelebrities.com;3;1;1789108706
yesdomains.space;0;1;1770408454
youtoo.in;2;1;1780291815
